name	alias_id	alias
18人の極上性肉奴●市場	18784	18人の極上性肉奴隷市場
AV女優の裏側リポートかたりたがーる	4696	AV女優の裏側リポート かたりたがーる
BOTAN厳選ベストっ！	44449	NANA厳選ベストっ！
BonキュンBonベストっ！	35058	【福袋】BonキュンBonコンプリートベストっ！
CinemagicDVDベスト30	15921	Cinemagic DVD ベスト 30
DIGITALCHANNEL	44359	DIGITAL CHANNEL
DoubleDancer	23615	Double Dancer
E-BODY BEST PROPORTIONS	44365	E-BODY BEST PROPORTIONS
HIPATTACK	32468	HIP ATTACK
IPPLATINUMGIRLSCOLLECTION	139	IP PLATINUM GIRLS COLLECTION
LordofWalkure×MOODYZ	43680	Lord of Walkure×MOODYZ
MAX-AAnniversary	37987	MAX-A Anniversary
MAXGIRLS	37997	MAX GIRLS
M男KILLERSEXスペシャル	4143	M男 KILLER SEXスペシャル
NTR	38409	○○NTR
OILBODY○○	4932	OIL BODY ○○
OLSTYLE	7329	OL STYLE
PLATINUMSELECTION	35703	PLATINUM SELECTION
PREMIUMSTYLISHSOAP	35796	PREMIUM STYLISH SOAP
R Queen	23602	W-QUEEN
REAL 喉奥凌●イラマチオBEST	42596	REAL 喉奥凌辱イラマチオBEST
S1GIRLSCOLLECTION	3749	S1 GIRLS COLLECTION
SNSで知り合った童貞筆おろし	3759	SNSで知り合った
THE 巨乳	15416	THE○○
TheRoom「W」羨望のM男ハーレムへようこそ	15435	The Room 「W」 羨望のM男ハーレムへようこそ
kira☆kiraSTREETGAL	10596	kira☆kira STREET GAL
○○、凌●の日々。望まない絶頂が悔しくて…	39157	○○、凌辱の日々。望まない絶頂が悔しくて…
○○専用アナル奴●妻	38622	○○専用アナル奴隷妻
○分間ノンストップ撮影	30161	ノンストップ凌●
○粉奴●	38381	○粉奴隷
●●が裸でウロウロするもんで目のやり場に困るんだが…！？	30807	裸でウロウロするもんで目のやり場に困るんだが…！？
あなたがいない間に義父にレ●プされました…	653	あなたがいない間に義父にレイプされました…
いきなりSEXえっ？今ここでですか？	1533	いきなりSEX えっ？今ここでですか？
いきなり逆ナンハーレムワゴン	1530	いきなり逆ナンハーレム○○
うちの妻を夜●いしてください	3114	うちの妻を夜這いしてください
うちの妻を痴●してください	3112	うちの妻を痴漢してください
この女確信●！！常連客が即入れ懇願！！豹変オイルマッサージ	13875	この女確信犯！！常連客が即入れ懇願！！豹変オイルマッサージ
じっくり甘えさせた後に激変！言葉で僕を●す変態淫語ママ	18415	じっくり甘えさせた後に激変！言葉で僕を犯す変態淫語ママ
すんごい乳首責めで中出しを誘う連続膣搾り痴女○○	20858	すんごい乳首責めで中出しを誘う連続膣搾り痴女お姉さん
ずぅ〜っと乳首こねくりながら何度も射精かせてアゲル	21009	ずぅ～っと乳首こねくりながら何度も射精かせてアゲル
ぺちゃぱい美少女コレクション	38066	まないた美少女コレクション
もしも巨チンの僕が…	40902	もしも巨チンの僕が○○で働いたら
わいせつ痴●電車妻	43724	わいせつ痴漢電車妻
イカセ4時間	1453	イカサレ 4時間
エロカッコイイ！極上ダンサーが悩ましげなカメラ目線で誘うように挑発！マンスジ限界で腰を振り乱し、尻を	4394	エロカッコイイ！極上ダンサーが悩ましげなカメラ目線で誘うように挑発！マンスジ限界で腰を振り乱し、尻を突き出し究極のチラリズムで踊り狂う乱痴気DANCE！
オマ○コ奴●	6708	オマ○コ奴隷
キャリアOL痴●	9734	キャリアOL痴漢
ケートライブ制服美少女図鑑	12501	ケートライブ美少女年鑑
サイレントレ●プ（S1 NO.1 STYLE）	14967	サイレントレイプ（S1 NO.1 STYLE）
ザ・筆おろし	35187	筆おろし
スカイハイ熟女プレミアム	33983	美熟女プレミアム
スコート越しの凌●	20501	スコート越しの凌辱
タオル一枚 男湯入ってみませんか？	23130	タオル一枚男湯入ってみませんか？
ティナ＆RioPREMIUMBOX	25629	ティナ＆Rio PREMIUM BOX
ド痴女だらけ強●24射精痴女ハーレム楽園	27743	ド痴女だらけ強制24射精痴女ハーレム楽園
ハメ潮100リットル中出しザーメン10リットル	31347	ハメ潮100リットル 中出しザーメン10リットル
パイパン中出し4時間	32045	パイパン中出し 4時間
ボディコンで従順な下僕社員を性奴●に育て上げる美人女社長	37349	ボディコンで従順な下僕社員を性奴隷に育て上げる美人女社長
レ●プが合法になった世界	42988	レイプが合法になった世界
レズ奴●	43140	レズ奴隷
一度射精してもヌイてくれる本格派回春痴女エステ	1934	一度射精してもヌイてくれる回春エステ
一緒にお風呂に入りませんか	2045	一緒にお風呂に入りませんか？
世間知らずの社長令嬢がアヘ顔の絶頂奴●に成り下がった…	21751	世間知らずの社長令嬢がアヘ顔の絶頂奴隷に成り下がった…
中出しレ●プ輪●	28239	中出しレイプ輪姦
中出し輪●オフ会	28236	中出し輪姦オフ会
人体固定アナル奴●	20234	人体固定アナル奴隷
人体固定中出し輪●	20235	人体固定中出し輪姦
人妻○○痴●電車	32800	人妻痴女電車
人妻に強●中出し孕ませSEX	32903	人妻に強制中出し孕ませSEX
人妻オフィスレディ凌●	32563	人妻オフィスレディ凌辱
人妻夜●いレズ	33109	人妻夜這いレズ
人妻性奴●	32736	人妻性奴隷
人妻教師痴●電車	32635	人妻教師痴漢電車
人間廃業催●緊縛 洗脳中出し肉便器	29402	人間廃業催眠緊縛 洗脳中出し肉便器
今日、あなたの上司に犯●れました。	9862	今日、あなたの上司に犯されました。
令嬢股縄調教	37804	股縄調教
催●実験	14921	催眠実験
催●淫語カウンセラー	14905	催眠淫語カウンセラー
催●研究所	14914	催眠研究所
僕と○○の甘～い性活	37010	僕と○○の甘〜い性活
先立った兄貴に家族を宜しくと頼まれたので母×娘まとめて中出し調教して服従させる事にした―。	14984	先立った兄貴に家族を宜しくと頼まれたので母×娘まとめて中出し調教して服従させる事にした?。
全日本ねとられ大賞ノミネート作品	29158	日本ねとられ大賞受賞作品
全裸奴●	22733	全裸奴隷
凌●オフ会	42769	凌辱オフ会
凌●ボディ	42810	凌辱ボディ
危険日孕ませバック痴●	9407	危険日孕ませバック痴漢
厳選！！美熟女10人BEST	12573	厳選！！美熟女○○人
友人の豊満爆乳ママに発情した暴走ショタの雌穴奴●中出し調教計画	41556	友人の豊満爆乳ママに発情した暴走ショタの雌穴奴隷中出し調教計画
友達の教育ママを乳奴●	27222	友達の教育ママを乳奴隷
吊り革を掴んだままの痴●デリヘル嬢に立ちバックで生挿入！生中出し！	25580	吊り革を掴んだままの痴漢デリヘル嬢に立ちバックで生挿入！生中出し！
噂では「あなたのチ●ポが欲しいの！！」と温泉旅館で男性客に声を掛ける美人妻は露出狂で超エロいらしい…	3546	噂では「あなたのチ●ポが欲しいの！！」と温泉旅館で男性客に声を掛ける美人妻は露出狂で超エロいらしい…。
夜●い 真夜中に寝ている夫の隣で中出しされる人妻	42193	夜這い 真夜中に寝ている夫の隣で中出しされる人妻
夜●い村（オルガ）	42194	夜這い村（オルガ）
夜這いされ喘ぎ声を我慢しながら旦那の横で中出しまでされる人妻	42207	夜●いされ喘ぎ声を我慢しながら旦那の横で中出しまでされる人妻
大学の飲み会が中出し輪●サークルに変わった	23383	大学の飲み会が中出し輪姦サークルに変わった
夫に売られた奴●人妻	5747	夫に売られた奴隷人妻
夫の目の前で犯●れた若妻	5862	夫の目の前で犯された若妻
夫の目の前で犯されて	5864	夫の目の前で犯●れて
夫の親族に○○された未亡人	5805	夫の親族に中出しされた未亡人
夫の親族一同に輪●された美人妻	5804	夫の親族一同に輪姦された美人妻
夫の遺影の前で犯●れて、気が狂うほど絶頂した私。	5785	夫の遺影の前で犯されて、気が狂うほど絶頂した私。
女子交性 ハメ撮りジャンクション。	18206	J● ハメ撮りジャンクション。
女子校生監禁凌辱鬼畜輪姦	19678	女子校生監禁凌辱 鬼畜輪姦
女教師監禁レ●プ	19609	女教師監禁レイプ
女王様バイブルM奴隷アナル拡張計画	19595	女王様バイブル M奴隷アナル拡張計画
女監督ハルナの レズ痴●バス	7071	女監督ハルナの レズ痴漢バス
奴●ROOM	27920	奴隷ROOM
奴●人妻オークション	27919	奴隷人妻オークション
奴●倶楽部へ売られた女	27897	奴隷倶楽部へ売られた女
奴●城	27902	奴隷城
奴●市場の宴	27883	奴隷市場の宴
奴●志願	27806	奴●志願妻
奴●色の女性記者	27887	奴隷色の女性記者
媚薬を飲ませて虜にさせるエビ反りレズエステ盗撮	34519	媚薬を飲ませて虜にさせる エビ反りレズエステ盗撮
嫁と姑誰にも言えない禁断な関係	42233	嫁と姑 誰にも言えない禁断な関係
学生時代のセクハラ教師とデリヘルで偶然の再会―。その日から言いなり性処理ペットにさせられて…。	9056	学生時代のセクハラ教師とデリヘルで偶然の再会─。その日から言いなり性処理ペットにさせられて…。
実は超どすとらいくだった母と混浴で二人きり	18437	実は超どストライクだった母と混浴で二人きり
密着大好きお姉さんが耳元で淫語を囁きながらず〜っと乳首を責めてきます…。	39675	密着大好きお姉さんが耳元で淫語を囁きながらず～っと乳首を責めてきます…。
射精直前無理矢理中出しレ●プ	16081	射精直前無理矢理中出しレイプ
巨乳×爆乳	10465	巨乳・爆乳
巨乳ナースは騎乗位で●す	10432	巨乳ナースは騎乗位で犯す
巨乳中出し奴●ソープ	10427	巨乳中出し奴隷ソープ
巨乳女教師中出し輪●	10315	巨乳女教師中出し輪姦
強●勃起テクニック	10000	強制勃起テクニック
強●喉奥イラマチオハンドル	9991	強制喉奥イラマチオハンドル
思わず●RECしたくなる○○	6793	思わず●RECしたくなる◯◯
恩師に犯●れた若妻	6996	恩師に犯された若妻
息子の目の前で犯●れる新妻	40121	息子の目の前で犯される新妻
拘束絶頂～身動きが取れない状況で痙攣イキするえっちなオマ○コ	13252	拘束され身動きが取れない状況でビクビク痙攣イキする素直なオマ●コ
接吻レズ調教	21969	接吻レズ
断り切れずにヤラせちゃう女私押しに弱いんです	13823	断り切れずにヤラせちゃう女 私押しに弱いんです
新任○○〜潮！潮！潮！	17996	新任○○～潮！潮！潮！
昏●キメセク	14068	昏睡キメセク
昏睡レイプ 強制ハメ撮りで中出し	14178	昏●レ●プ 強●ハメ撮りで中出し
昼下がりの若妻凌●団地	33460	昼下がりの若妻凌辱団地
服従のメイド孕ませ輪●	35047	服従のメイド孕ませ輪姦
朝の満員電車で見かけ憧れていた奥さんはイキ淫れる痴●OK妻だった！	430	朝の満員電車で見かけ憧れていた奥さんはイキ淫れる痴漢OK妻だった！
東京BUNNYNIGHT	26471	東京BUNNY NIGHT
桃乳逆レ●プナース	41088	桃乳逆レイプナース
極悪ショタ 中出し輪●	14321	極悪ショタ 中出し輪姦
殿堂！スーパーアイドル	26295	殿堂！スーパーアイドル8時間
母の最高のセックス	14809	最高のセックス。
泥●助平	25985	泥酔助平
泥●媚薬痴態	25990	泥酔媚薬痴態
淫乱兄妹に犯●れるいいなり義母	2900	淫乱兄妹に犯されるいいなり義母
淫虐の奴●オークション	2595	淫虐の奴隷オークション
淫語！寸止め！強●発射！射精管理痴女	2650	淫語！寸止め！強制発射！射精管理痴女
潮吹きFUCK	17861	真性潮吹きFUCK
濡れフェチ	29590	濡れフェチプレイ
無理やり強●中出し痴女	40429	無理やり強制中出し痴女
熟年フルムーン 高齢夫婦	19350	熟年フルムーン
爆乳	14493	極・爆乳
爆乳ナースが優し〜くチンポを●す	31728	爆乳ナースが優し〜くチンポを犯す
父に犯され続けた娘	24434	父に犯●れ続けた娘
犯●れた女格闘家	5129	犯された女格闘家
猥褻痴●	43723	猥褻痴漢
男汁ぶっかけ痴●バス	6045	男汁ぶっかけ痴漢バス
町内会の爆乳肉奴●	25078	町内会の爆乳肉奴隷
異常性欲近親熟女レズ	1708	異常性欲 近親熟女レズ
痴●願望の女	24049	痴漢願望の女
監禁されて、犯●れて…	8522	監禁されて、犯されて…
睨まれレ●プ	29361	睨まれレイプ
知らない女だけが損をする！世界最大級のメガチ○ポで～	16779	知らない女だけが損をする！世界最大級のメガチ○ポで〜
神放尿	36379	放尿
私、犯●れました…夫の目の前で	44018	私、犯されました…夫の目の前で
種付けプレスで妊娠確定！！	28412	生意気黒ギャル女子校生 種付けプレスで妊娠確定！！
絶体絶命女捜査官	22321	絶体絶命！哀願の女捜査官
絶倫老人たちに孕ませ輪●されイキまくる巨乳嫁	22561	絶倫老人たちに孕ませ輪姦されイキまくる巨乳嫁
緊縛奴●	38519	○○緊縛奴●
緊縛奴●孕ませオークション	11215	緊縛奴隷孕ませオークション
義父 〜裕美の昼下がり〜	11365	義父 ～裕美の昼下がり～
自己犠牲レ●プ（ケイ・エム・プロデュース（レアルワークス））	18331	自己犠牲レイプ（ケイ・エム・プロデュース（レアルワークス））
若妻○○スペシャル4時間	43879	若妻 ○○ スペシャル 4時間
若妻奴隷撫子	43850	若妻 奴隷撫子
見せつけ挑発オナニー	32272	パンチラ見せつけ挑発オナニー
規約違反	12344	契約違反
親族内輪●	17944	親族内輪姦
言いなり中出し、俺の前で見ず知らずの男たちにオナニーを見せ、汚いチ●ポを咥え赤面しながらマン汁垂らし	1402	言いなり中出し、俺の前で見ず知らずの男たちにオナニーを見せ、汚いチ●ポを咥え赤面しながらマン汁垂らしてイッてしまう俺の妻
超-巨乳のアングル	24931	超-股間のアングル
輪●ビデオレター	42869	輪姦ビデオレター
近親相姦いけない関係義父と義兄弟を誘惑する淫乱な若妻	10773	近親相姦 いけない関係 義父と義兄弟を誘惑する淫乱な若妻
逆◆チクビ痴●	11528	逆チクビ痴●
逆レ●プW痴女	11559	逆レイプW痴女
逆痴●	11524	逆痴漢
逆痴●マダムでございます	11526	逆痴漢マダムでございます
酒を●ませてみたらとんでもないことになった！	15010	酒を飲ませてみたらとんでもないことになった！
鉄管拘束中出し奴●	25749	鉄管拘束中出し奴隷
銀粉大全集	11305	金粉大全集
隣の奥様は○○インストラクター	27017	隣の奥様は美巨乳インストラクター
首絞めレ●プ	11986	首絞めレイプ
騎女	9558	騎痴女
魅惑のおっぱい奴●	39867	魅惑のおっぱい奴隷
黒ギャル野外凌●	12160	黒ギャル野外凌辱
黒パンスト女子校生の甘～い誘惑	12205	黒パンスト女子校生の甘〜い誘惑
