video_id	actress_id
1	1
1	2
1	36
1	3
1	11
1	15
1	208
1	6
1	39
1	104
1	117
1	17
1	322
1	130
1	143
1	19
1	129
1	715
1	219
1	108
1	196
1	67
1	35
1	172
1	149
1	256
1	60
1	147
1	123
1	34
1	162
1	505
1	98
1	151
1	38
1	532
1	311
1	183
1	291
1	475
1	1096
1	175
1	243
1	229
1	621
1	545
1	1363
1	293
2	1
2	131
2	476
2	206
2	1822
2	586
2	1012
2	515
2	1340
2	1539
2	1214
2	1319
3	1
4	113
4	1
4	36
4	3
4	11
4	51
4	22
4	6
4	28
4	40
4	26
4	171
4	142
4	190
4	148
4	60
4	147
4	185
4	16
4	471
4	162
4	116
4	151
4	38
4	83
4	319
4	880
4	175
4	458
5	1
5	1610
6	1
7	1
7	26
7	244
7	75
7	35
7	190
7	34
7	16
7	38
7	524
7	206
7	608
7	356
7	291
7	141
7	1206
7	1031
7	678
7	756
7	293
7	611
7	954
8	1
9	1
10	41
10	1
10	2
10	1107
10	63
10	153
10	15
10	6
10	17
10	65
10	358
10	77
10	143
10	19
10	253
10	108
10	75
10	35
10	62
10	88
10	99
10	194
10	190
10	387
10	110
10	147
10	185
10	16
10	292
10	162
10	663
10	368
10	1753
10	1626
10	38
10	658
10	92
10	344
10	342
10	90
10	591
10	373
10	1394
10	175
10	141
10	243
10	270
10	1600
10	145
10	458
10	93
11	773
11	125
11	64
11	23
11	1
11	24
11	8
11	15
11	28
11	57
11	340
11	875
11	904
11	1274
12	2
12	280
12	133
12	65
13	2
14	2
15	2
15	28
15	515
16	2
17	2
17	1057
17	2058
18	2
19	3
19	244
19	88
19	506
19	162
19	116
19	259
20	18
20	91
20	3
20	156
20	614
20	116
21	9
21	3
21	52
21	171
21	547
21	190
21	148
21	16
21	806
21	98
21	92
21	344
21	356
21	489
21	250
21	355
21	229
21	145
21	93
21	693
21	678
21	870
21	353
21	894
21	1361
21	767
22	1
22	36
22	3
22	11
22	6
22	17
22	322
22	26
22	171
22	19
22	715
22	180
22	108
22	67
22	35
22	265
22	1962
22	110
22	60
22	103
22	123
22	162
22	98
22	66
22	291
22	774
22	1341
22	175
22	1600
23	125
23	3
23	501
23	348
23	8
23	22
23	28
23	104
23	25
23	339
23	498
23	26
23	143
23	75
23	35
23	94
23	62
23	246
23	1662
23	21
23	78
23	284
23	148
23	60
23	34
23	1740
23	654
23	634
23	38
23	66
23	434
23	631
23	183
23	571
23	70
23	774
23	141
23	693
23	2062
23	186
23	582
23	499
24	41
24	1
24	3
24	11
24	15
24	208
24	17
24	130
24	171
24	143
24	19
24	67
24	35
24	62
24	194
24	21
24	190
24	387
24	149
24	256
24	60
24	162
24	634
24	38
24	1395
24	83
24	72
24	631
24	342
24	774
24	1341
24	805
24	243
24	270
24	145
24	93
24	1378
24	293
24	847
25	69
25	23
25	9
25	3
25	11
25	51
25	6
25	39
25	77
25	143
25	552
25	190
25	16
25	471
25	116
25	83
25	92
25	319
25	1097
25	90
25	313
25	821
25	767
26	3
26	244
26	190
26	506
26	539
26	162
26	932
26	931
26	70
26	259
26	707
26	1902
27	4
27	1
27	2
27	3
27	11
27	77
27	253
27	382
27	35
27	62
27	99
27	78
27	284
27	98
27	2338
27	38
27	342
27	90
27	250
27	141
27	93
27	186
27	847
27	1705
28	4
28	61
28	190
28	16
28	550
28	528
28	98
28	423
28	785
28	1032
28	175
28	313
28	93
28	693
28	678
28	274
28	353
28	735
28	767
29	4
29	95
29	68
29	174
29	267
30	4
31	4
31	128
31	9
31	181
31	28
31	52
31	299
31	253
31	103
31	16
31	2088
31	344
31	931
31	565
31	145
31	870
31	2206
32	4
32	69
32	9
32	3
32	11
32	257
32	15
32	272
32	26
32	171
32	19
32	20
32	35
32	149
32	456
32	148
32	123
32	34
32	185
32	16
32	162
32	116
32	66
32	92
32	571
32	355
32	270
32	160
32	693
32	855
32	186
32	1902
32	1055
32	353
33	4
33	69
33	9
33	28
33	26
33	20
33	179
33	88
33	190
33	456
33	148
33	16
33	162
33	116
33	786
33	38
33	83
33	92
33	90
33	250
33	175
33	229
33	948
33	748
33	93
33	186
33	1902
33	1055
34	4
34	69
34	228
34	9
34	3
34	51
34	428
34	244
34	20
34	926
34	987
34	392
34	190
34	60
34	841
34	123
34	391
34	518
34	162
34	663
34	116
34	66
34	92
34	238
34	1167
34	543
34	270
34	329
34	948
34	748
35	4
35	69
35	9
35	257
35	171
35	299
35	179
35	88
35	103
35	16
35	663
35	116
35	786
35	72
35	319
35	931
35	250
35	93
35	595
35	186
36	4
36	11
36	28
36	1032
36	250
36	313
37	4
37	69
37	9
37	3
37	257
37	153
37	171
37	19
37	179
37	88
37	190
37	60
37	307
37	147
37	34
37	185
37	16
37	518
37	2088
37	116
37	98
37	871
37	38
37	83
37	344
37	356
37	1086
37	741
37	250
37	313
37	243
37	329
37	93
37	1276
37	915
37	595
37	274
37	855
37	504
37	840
37	847
37	2206
37	1055
38	4
38	11
38	51
38	6
38	39
38	57
38	171
38	61
38	179
38	88
38	21
38	190
38	110
38	148
38	60
38	147
38	34
38	16
38	550
38	528
38	116
38	98
38	38
38	66
38	423
38	83
38	1414
38	90
38	70
38	1096
38	1341
38	175
38	313
38	229
38	270
38	160
38	595
38	430
38	1451
39	5
40	5
41	5
42	467
42	5
43	5
43	8
43	133
43	1539
44	1477
44	5
44	125
44	2147
44	23
44	1568
44	1496
45	5
46	5
46	883
46	172
46	368
46	1215
46	701
46	186
46	1986
46	594
46	1152
46	1300
46	1201
46	1578
47	5
48	5
49	69
49	198
49	24
49	9
49	22
49	251
49	322
49	1565
49	1629
49	299
49	60
49	1932
49	206
50	198
50	51
50	15
50	97
50	171
50	20
50	179
50	357
50	391
50	34
50	255
50	116
50	575
50	72
50	92
50	1278
50	238
50	571
50	1013
50	439
50	259
50	1167
50	175
50	543
50	605
50	229
50	270
50	621
50	160
50	545
50	1682
50	2375
50	145
50	1024
50	740
50	855
50	186
50	1598
50	688
50	1655
50	1055
51	198
51	51
51	15
51	357
51	88
51	34
51	255
51	66
51	575
51	92
51	1278
51	238
51	259
51	175
51	329
51	160
51	145
51	1024
51	740
51	1435
51	595
51	1480
51	504
52	113
52	198
52	24
52	36
52	51
52	15
52	26
52	171
52	20
52	67
52	357
52	60
52	123
52	391
52	1499
52	576
52	162
52	116
52	66
52	575
52	521
52	92
52	1223
52	1278
52	238
52	291
52	571
52	70
52	439
52	259
52	565
52	349
52	175
52	543
52	605
52	243
52	229
52	270
52	621
52	160
52	545
52	145
52	1024
52	740
52	1435
52	1480
52	504
52	1598
52	688
52	630
52	2288
52	1655
52	515
53	80
53	198
53	24
53	9
53	1565
53	299
53	298
53	219
53	67
53	939
53	256
53	60
53	66
53	521
53	259
53	621
53	915
53	707
54	198
54	357
54	116
54	575
54	72
54	521
54	92
54	1223
54	238
54	1013
54	439
54	259
54	1167
54	270
54	748
54	145
54	1024
54	2061
55	198
55	299
55	357
55	88
55	60
55	123
55	391
55	255
55	521
55	92
55	1278
55	880
55	270
55	595
55	274
55	186
56	198
56	9
56	299
56	170
56	88
56	387
56	238
56	1013
56	259
56	175
56	160
56	1024
56	504
56	1598
57	113
57	198
57	24
57	36
57	51
57	15
57	39
57	26
57	171
57	299
57	20
57	67
57	35
57	246
57	357
57	88
57	456
57	60
57	103
57	775
57	123
57	391
57	34
57	162
57	2339
57	627
57	116
57	66
57	1932
57	575
57	206
57	72
57	521
57	92
57	1223
57	1278
57	238
57	291
57	571
57	880
57	70
57	1013
57	1096
57	439
57	259
57	565
57	1167
57	349
57	605
57	243
57	229
57	621
57	329
57	160
57	545
57	1682
57	145
57	1988
57	1024
57	740
57	1435
57	186
57	2061
57	1480
57	504
57	688
57	630
57	1389
57	1055
58	80
58	198
58	299
58	357
58	60
58	103
58	255
58	627
58	66
58	521
58	92
58	355
58	270
58	160
58	504
59	198
59	51
59	15
59	26
59	357
59	60
59	162
59	116
59	206
59	238
59	70
59	1167
59	621
59	160
59	740
59	1435
59	1480
60	198
61	42
61	1591
61	429
61	1652
61	2150
61	1127
61	4
61	1636
61	541
61	960
61	1082
61	470
61	87
61	195
61	198
62	198
63	198
64	198
65	198
66	198
67	198
68	198
69	198
70	69
70	1
70	198
70	24
70	9
70	556
70	3
70	410
70	327
70	10
70	39
70	1565
70	1504
70	874
70	299
70	100
70	20
70	715
70	1119
70	219
70	108
70	421
70	1934
70	660
70	67
70	170
70	587
70	426
70	1663
70	939
71	198
72	198
73	69
73	200
73	1
73	198
73	33
73	24
73	276
73	9
73	1239
73	556
73	3
73	300
73	410
73	79
73	15
73	111
73	290
73	443
73	10
73	197
73	39
73	1221
73	104
73	13
73	54
73	182
73	189
73	494
73	617
73	364
73	251
73	579
73	222
73	322
73	1758
73	999
73	1966
73	1565
73	288
73	216
73	1328
73	1247
73	874
73	1629
73	100
73	20
73	1118
73	1033
73	421
73	1934
73	2342
73	660
73	67
73	170
73	1398
73	997
73	426
73	1663
73	939
73	151
74	198
75	198
76	198
77	300
78	1
78	18
78	3
78	300
78	50
78	79
78	15
78	290
78	10
78	173
78	1080
78	13
78	424
78	1035
78	54
78	230
78	451
78	14
78	219
79	300
79	50
79	79
79	15
79	633
80	1
80	2
80	3
80	300
80	101
80	50
80	22
80	15
80	6
80	10
80	337
80	25
80	13
80	14
80	17
80	222
80	31
80	261
80	100
81	11
81	300
81	50
81	47
81	15
81	10
81	394
81	81
81	633
81	54
81	52
81	683
82	168
82	9
82	300
82	1916
82	8
82	111
82	934
82	230
83	1458
83	1536
83	4
83	23
83	1
83	264
83	1509
83	7
83	85
83	128
83	76
83	9
83	782
83	27
83	11
83	300
83	410
83	101
83	788
83	50
83	29
83	47
83	6
83	443
83	10
83	44
83	105
83	104
83	337
83	13
83	137
83	119
83	882
83	52
83	17
83	31
83	324
83	100
84	23
84	1
84	1509
84	2
84	33
84	124
84	300
84	50
84	63
84	352
84	29
84	1567
84	30
84	79
84	15
84	845
84	290
84	199
84	459
84	394
84	28
84	337
84	25
84	305
84	173
84	334
84	13
84	633
84	54
84	52
85	300
85	187
85	2172
85	8
85	1121
86	42
86	114
86	69
86	213
86	200
86	361
86	301
86	195
86	704
86	2319
86	396
86	24
86	803
86	276
86	157
86	1532
86	1239
86	1421
86	436
86	300
86	167
86	2317
86	205
86	1632
86	295
86	2136
86	1859
86	572
86	2006
86	2561
86	22
86	1646
86	408
86	327
86	281
86	484
86	290
86	770
86	231
86	1382
86	105
86	39
86	1312
86	1072
86	919
86	2170
86	1466
86	164
86	137
86	252
86	905
86	1691
86	738
86	897
86	1364
86	579
86	404
86	814
86	277
86	358
86	2216
87	96
87	4
87	23
87	1
87	264
87	85
87	140
87	328
87	300
87	101
87	50
87	394
88	446
88	69
88	200
88	1
88	87
88	198
88	33
88	331
88	76
88	557
88	276
88	9
88	191
88	1239
88	45
88	540
88	300
88	1968
88	1283
88	2046
88	2174
88	181
88	464
88	187
88	79
88	15
88	1470
88	761
88	111
88	290
88	443
88	10
88	197
88	1121
88	1346
88	459
88	1858
88	39
88	57
88	431
88	1631
88	2042
88	1080
88	13
88	1019
88	424
88	54
88	182
88	252
88	988
88	491
88	617
88	1745
88	322
88	100
89	207
89	492
89	227
89	69
89	155
89	198
89	228
89	396
89	9
89	673
89	328
89	11
89	300
89	410
89	22
89	6
89	111
89	416
89	173
89	54
89	529
90	4
90	69
90	228
90	300
90	410
90	101
90	44
90	262
90	620
90	1492
91	24
91	9
91	300
91	208
91	648
91	231
92	1241
92	213
92	1
92	87
92	228
92	1000
92	300
92	10
92	233
93	69
93	200
93	1
93	198
93	33
93	76
93	276
93	9
93	1239
93	45
93	540
93	300
93	409
93	181
93	464
93	8
93	79
93	22
93	15
93	1470
93	761
93	111
93	648
93	443
93	10
93	197
93	1121
93	1346
93	459
93	323
93	1469
93	39
93	1221
93	104
93	57
93	431
93	1631
93	2042
93	1080
93	13
93	1371
93	1019
93	424
93	54
93	1779
93	252
93	988
93	189
93	537
93	491
93	494
93	617
93	1745
93	216
93	100
94	49
94	700
94	24
94	1008
94	9
94	300
94	111
94	39
94	13
94	297
94	189
95	300
95	29
96	200
96	198
96	969
96	396
96	829
96	602
96	276
96	9
96	540
96	1587
96	11
96	300
96	410
96	1314
96	187
96	79
96	138
96	290
96	10
96	428
96	416
96	459
96	337
96	431
96	182
97	168
97	202
97	226
97	227
97	268
97	1
97	228
97	33
97	91
97	540
97	11
97	300
97	22
97	15
97	6
97	111
97	138
97	199
97	443
97	10
97	105
97	337
97	1080
97	13
97	1019
97	400
97	182
97	1581
97	1797
98	107
98	168
98	227
98	4
98	549
98	287
98	23
98	41
98	37
98	1
98	1509
98	530
98	128
98	91
98	27
98	11
98	300
98	29
98	146
98	79
98	47
98	22
98	6
98	59
98	111
98	138
98	290
98	443
98	10
98	1382
98	105
98	416
98	28
98	39
98	188
98	337
98	173
98	1418
98	495
98	431
98	523
98	1042
98	1466
98	2309
98	13
98	54
98	182
98	189
98	119
99	202
99	23
99	1
99	503
99	76
99	276
99	11
99	300
99	1314
99	308
99	22
99	6
99	184
99	199
99	10
99	105
99	416
99	760
99	173
99	918
99	1080
99	233
99	13
99	1371
99	1019
99	54
99	182
99	988
99	216
100	42
100	169
100	168
100	5
100	227
100	4
100	64
100	69
100	23
100	361
100	37
100	301
100	831
100	624
100	1
100	198
100	228
100	777
100	7
100	33
100	71
100	128
100	829
100	9
100	91
100	157
100	27
100	11
100	300
100	167
100	101
100	205
100	153
100	573
100	146
100	2561
100	47
100	22
100	254
100	408
100	6
100	327
100	281
100	111
100	138
100	290
100	770
100	10
100	231
100	428
100	44
100	416
100	39
100	73
100	337
100	918
100	297
100	225
100	296
100	210
100	424
100	1035
100	905
100	537
100	534
100	1581
100	738
101	446
101	69
101	200
101	1
101	198
101	33
101	76
101	276
101	9
101	1239
101	45
101	540
101	300
101	409
101	181
101	464
101	8
101	79
101	22
101	15
101	1470
101	761
101	111
101	648
101	443
101	10
101	197
101	1121
101	1346
101	459
101	1858
101	323
101	1469
101	39
101	1221
101	104
101	57
101	431
101	1631
101	2042
101	1080
101	13
101	1371
101	1019
101	424
101	182
101	1779
101	252
101	988
101	189
101	537
101	491
101	494
101	617
101	1745
101	100
102	300
103	300
104	300
105	667
105	228
105	829
105	503
105	9
105	45
105	300
105	822
106	300
107	168
107	4
107	1
107	276
107	1239
107	436
107	300
107	46
107	146
107	79
107	22
107	111
107	290
107	443
107	1346
107	416
107	323
107	173
107	13
107	182
107	189
108	300
109	300
110	69
110	1
110	300
110	13
110	189
110	537
111	4
111	2
111	33
111	85
111	540
111	300
111	50
111	282
111	316
112	168
112	227
112	11
112	300
112	146
112	290
112	1382
112	105
113	168
113	1
113	2
113	396
113	11
113	300
113	410
113	6
114	300
114	54
115	300
116	168
116	287
116	300
116	146
116	1346
116	13
117	300
118	300
119	300
120	32
120	300
120	10
120	182
121	618
121	300
121	187
121	8
121	105
122	300
123	4
123	549
123	69
123	198
123	602
123	9
123	106
123	300
123	410
123	6
123	105
123	188
123	1311
123	592
124	300
125	300
126	76
126	300
126	181
126	563
126	6
126	769
126	1104
126	173
126	918
126	334
126	1311
126	13
126	1209
127	1
127	9
127	300
127	410
127	2006
127	6
127	428
127	1104
127	13
127	1492
128	198
128	300
129	300
130	300
131	115
131	1386
131	163
131	963
131	12
131	465
131	985
131	74
131	1253
131	512
131	169
131	107
131	212
131	202
131	317
131	80
131	150
131	69
131	320
131	23
131	245
131	49
131	37
131	43
131	444
131	1
131	82
131	1230
131	1027
131	7
131	33
131	48
131	24
131	503
131	76
131	68
131	276
131	9
131	18
131	540
131	419
131	436
131	300
131	282
131	959
131	538
131	187
131	348
131	8
131	308
131	22
131	254
131	327
131	111
131	138
131	670
131	1148
131	199
131	443
131	197
131	388
131	597
131	28
131	266
131	1944
131	13
131	132
132	69
132	200
132	1
132	33
132	9
132	300
132	181
132	1470
132	111
132	10
132	2042
132	668
133	300
134	632
134	675
134	406
134	107
134	799
134	202
134	226
134	511
134	1082
134	268
134	1
134	228
134	33
134	1331
134	540
134	300
134	59
134	44
135	300
136	69
136	200
136	1
136	33
136	9
136	45
136	540
136	300
136	111
136	10
136	1346
136	1631
136	2042
137	300
138	1128
138	675
138	406
138	107
138	202
138	511
138	268
138	1
138	228
138	33
138	260
138	91
138	540
138	300
138	6
138	138
138	1211
138	10
138	44
138	1444
138	188
138	337
138	523
138	13
139	300
139	788
139	727
139	464
139	79
139	15
139	443
140	1299
140	114
140	317
140	330
140	446
140	69
140	692
140	375
140	1135
140	778
140	1175
140	87
140	488
140	198
140	193
140	24
140	503
140	276
140	9
140	191
140	858
140	436
140	300
140	727
140	485
140	1143
140	1470
140	2005
140	443
140	1121
140	1858
140	944
140	57
140	1403
141	12
141	126
141	510
141	512
141	169
141	212
141	994
141	207
141	113
141	5
141	791
141	375
141	37
141	1
141	198
141	7
141	2
141	350
141	360
141	191
141	300
141	101
141	409
141	8
141	44
142	300
143	12
143	271
143	69
143	401
143	43
143	7
143	276
143	300
143	101
143	8
143	1148
144	4
144	1
144	33
144	128
144	300
144	538
144	6
145	512
145	4
145	446
145	23
145	49
145	1
145	85
145	128
145	68
145	1239
145	45
145	540
145	300
145	727
145	316
145	864
145	8
145	46
145	79
145	308
145	22
145	15
145	6
145	59
145	845
145	111
145	555
145	443
145	44
145	1346
145	105
145	323
145	769
145	337
146	42
146	114
146	213
146	361
146	704
146	325
146	24
146	338
146	803
146	1421
146	436
146	300
146	167
146	205
146	574
146	1859
146	2006
146	2561
146	281
146	770
146	231
146	1914
146	164
146	1026
147	126
147	985
147	7
147	860
147	300
147	454
147	661
147	2561
147	766
148	446
148	69
148	200
148	1
148	198
148	1113
148	33
148	503
148	9
148	1239
148	45
148	540
148	300
148	1283
148	409
148	181
148	746
148	485
148	1693
148	8
148	369
148	79
148	15
148	1470
148	761
148	111
148	443
148	197
148	459
148	323
148	1221
148	104
148	1631
148	13
149	69
149	200
149	198
149	33
149	9
149	540
149	300
149	409
149	181
149	15
149	1470
149	761
149	111
149	443
149	197
149	1346
149	459
149	1469
149	1221
149	104
149	1631
149	13
149	1371
150	126
150	113
150	772
150	791
150	913
150	37
150	1285
150	260
150	350
150	367
150	224
150	360
150	56
150	1190
150	300
150	409
150	8
150	944
151	300
152	169
152	503
152	436
152	300
152	8
153	271
153	330
153	32
153	446
153	69
153	200
153	49
153	444
153	1
153	87
153	198
153	1113
153	1888
153	33
153	503
153	435
153	276
153	9
153	1422
153	990
153	191
153	1239
153	851
153	1265
153	300
153	1837
153	1283
153	409
153	788
153	2137
153	181
153	746
153	485
153	51
153	1693
153	187
153	8
153	369
153	79
153	22
153	15
153	1470
153	2131
153	1122
153	761
153	111
153	648
153	443
153	1915
153	197
153	1121
153	1858
153	323
153	1469
153	1221
153	104
153	1631
153	13
153	1371
154	283
154	115
154	2326
154	12
154	465
154	126
154	510
154	792
154	74
154	169
154	2364
154	372
154	908
154	212
154	994
154	929
154	96
154	1336
154	113
154	271
154	232
154	772
154	5
154	791
154	227
154	618
154	139
154	32
154	84
154	102
154	241
154	541
154	294
154	2144
154	23
154	913
154	375
154	1231
154	1486
154	245
154	514
154	49
154	2360
154	37
154	1285
154	732
154	1
154	87
154	335
154	198
154	1193
154	1889
154	7
154	2
154	33
154	1671
154	260
154	350
154	367
154	224
154	674
154	360
154	810
154	68
154	276
154	1422
154	345
154	56
154	191
154	45
154	1190
154	300
154	2354
154	703
154	101
154	1861
154	282
154	316
154	1420
154	166
154	1693
154	8
154	79
154	59
154	381
154	1211
154	1148
154	44
154	769
154	1221
154	944
154	334
154	1311
154	132
155	300
155	6
155	10
155	13
156	300
157	12
157	512
157	212
157	207
157	4
157	213
157	49
157	37
157	1
157	1174
157	33
157	85
157	68
157	1239
157	540
157	300
157	181
157	864
157	1314
157	79
157	22
157	15
157	6
157	59
157	555
157	138
157	1211
157	44
157	197
157	1346
157	104
157	337
158	300
159	115
159	12
159	126
159	212
159	929
159	96
159	1336
159	113
159	610
159	5
159	791
159	227
159	139
159	241
159	2144
159	23
159	913
159	375
159	1486
159	245
159	1268
159	37
159	1285
159	1
159	87
159	1193
159	7
159	2
159	260
159	350
159	224
159	360
159	276
159	1422
159	345
159	300
159	1861
159	727
159	316
159	8
159	79
159	44
159	132
160	300
161	914
161	163
161	12
161	1299
161	126
161	2015
161	1253
161	169
161	5
161	330
161	2273
161	150
161	69
161	245
161	49
161	37
161	1843
161	82
161	95
161	198
161	2184
161	1615
161	852
161	2183
161	749
161	928
161	503
161	1008
161	276
161	306
161	9
161	300
161	573
161	8
161	1148
161	132
162	465
162	169
162	372
162	96
162	5
162	407
162	23
162	37
162	444
162	1
162	198
162	7
162	33
162	68
162	9
162	419
162	300
162	454
162	538
162	1472
162	308
162	22
162	59
162	1089
162	138
162	197
162	388
162	28
162	769
163	300
164	271
164	330
164	32
164	446
164	69
164	200
164	49
164	444
164	87
164	198
164	1113
164	1888
164	33
164	503
164	435
164	276
164	9
164	1422
164	990
164	191
164	1239
164	851
164	1265
164	300
164	1837
164	1283
164	788
164	2137
164	746
164	1693
164	187
164	8
164	369
164	79
164	22
164	15
164	1470
164	2131
164	648
164	443
164	1915
164	197
164	1121
164	1858
164	1469
164	1221
165	300
166	300
166	593
166	448
167	492
167	80
167	1
167	33
167	829
167	1239
167	1421
167	436
167	300
167	101
167	788
167	593
167	464
167	187
167	572
167	8
167	79
167	15
167	1122
167	327
167	761
167	648
167	10
167	197
167	2262
167	323
167	1469
167	1221
167	1104
167	1263
167	334
167	438
168	300
169	300
170	300
170	1782
171	300
172	12
172	126
172	96
172	610
172	5
172	23
172	245
172	37
172	1
172	87
172	7
172	367
172	224
172	360
172	276
172	345
172	191
172	300
172	282
172	8
172	44
173	300
174	12
174	169
174	5
174	330
174	446
174	407
174	49
174	444
174	1
174	198
174	33
174	503
174	68
174	276
174	9
174	419
174	300
174	454
174	538
174	8
174	308
174	1089
174	138
174	670
174	28
175	300
175	6
176	4
176	69
176	503
176	9
176	300
176	101
176	50
176	746
176	593
176	1492
177	300
178	300
179	115
179	12
179	510
179	74
179	1700
179	512
179	372
179	207
179	492
179	610
179	5
179	618
179	330
179	134
179	23
179	514
179	49
179	37
179	1
179	87
179	198
179	1193
179	7
179	2
179	33
179	112
179	224
179	85
179	68
179	276
179	306
179	158
179	1422
179	345
179	56
179	191
179	45
179	300
179	383
179	2354
179	703
179	101
179	1861
179	282
179	727
179	316
179	661
179	1420
179	166
179	1693
179	8
179	79
179	15
179	1148
179	44
179	769
179	944
180	12
180	512
180	610
180	5
180	618
180	330
180	23
180	37
180	1
180	1193
180	7
180	2
180	33
180	224
180	276
180	56
180	191
180	300
180	727
180	316
180	8
180	79
180	15
180	1148
180	44
181	300
182	12
182	212
182	207
182	4
182	49
182	37
182	1
182	33
182	68
182	45
182	436
182	300
182	295
182	1567
182	79
182	308
182	22
182	648
182	555
182	381
182	197
182	459
182	28
183	510
183	372
183	330
183	213
183	43
183	87
183	435
183	858
183	436
183	36
183	300
183	788
183	2173
183	485
183	8
184	32
184	69
184	43
184	488
184	1113
184	260
184	503
184	557
184	276
184	9
184	18
184	1422
184	191
184	851
184	1265
184	300
184	788
184	2137
184	485
184	1693
184	187
184	443
185	115
185	126
185	169
185	2364
185	212
185	929
185	96
185	207
185	113
185	5
185	791
185	2144
185	23
185	913
185	375
185	1231
185	1486
185	245
185	514
185	1268
185	1511
185	1285
185	1813
185	1889
185	418
185	7
185	2
185	260
185	350
185	224
185	360
185	345
185	191
185	1190
185	300
185	383
185	2354
185	703
185	409
185	1861
185	857
185	282
185	316
185	1420
185	166
185	132
186	300
187	169
187	492
187	618
187	4
187	80
187	1
187	1193
187	33
187	829
187	1239
187	436
187	300
187	788
187	952
187	282
187	593
187	538
187	29
187	464
187	8
187	79
187	15
187	1122
187	327
187	761
187	648
187	381
187	1148
187	597
187	323
187	28
187	1835
187	334
188	618
188	4
188	23
188	1
188	33
188	68
188	276
188	45
188	436
188	300
188	101
188	295
188	727
188	316
188	538
188	29
188	1567
188	8
188	79
188	308
188	22
188	761
188	648
188	443
188	1915
188	44
188	197
188	105
188	323
189	115
189	12
189	126
189	510
189	792
189	74
189	1700
189	512
189	169
189	2364
189	908
189	212
189	994
189	929
189	96
189	1336
189	113
189	610
189	772
189	5
189	791
189	227
189	618
189	139
189	1297
189	84
189	102
189	541
189	2144
189	23
189	913
189	375
189	1231
189	245
189	514
189	49
189	2360
189	37
189	1511
189	1285
189	732
189	87
189	1813
189	335
189	198
189	1193
189	1889
189	418
189	7
189	2
189	1133
189	260
189	350
189	112
189	1316
189	367
189	1812
189	224
189	674
189	360
189	1571
189	810
189	68
189	276
189	306
189	345
189	56
189	191
189	1190
189	300
189	383
189	703
189	101
189	409
189	1861
189	282
189	316
189	1693
189	8
189	79
189	1148
189	132
190	80
190	300
191	300
192	994
192	929
192	96
192	207
192	772
192	330
192	139
192	32
192	134
192	241
192	375
192	49
192	198
192	7
192	33
192	260
192	112
192	276
192	1422
192	191
192	45
192	300
192	383
192	101
192	727
192	8
192	79
193	300
194	114
194	64
194	213
194	361
194	704
194	325
194	1862
194	300
194	167
194	1026
195	114
195	24
195	276
195	1532
195	300
195	295
195	22
195	408
195	231
196	4
196	23
196	37
196	1
196	1193
196	2
196	33
196	276
196	45
196	436
196	300
196	1227
196	101
196	295
196	727
196	316
196	2135
196	538
196	29
196	1567
196	8
196	711
196	79
196	22
196	761
196	648
196	1148
196	443
196	1915
196	459
196	323
197	372
197	107
197	446
197	287
197	37
197	264
197	350
197	1191
197	85
197	360
197	435
197	977
197	673
197	124
197	45
197	300
197	1805
197	1586
197	2135
197	593
197	809
197	538
197	30
197	187
197	563
197	691
197	8
197	369
197	1122
197	761
197	555
197	2224
197	1226
197	1121
197	105
197	944
198	115
198	12
198	126
198	510
198	792
198	74
198	512
198	169
198	2364
198	372
198	908
198	212
198	994
198	929
198	96
198	207
198	1336
198	492
198	113
198	271
198	772
198	5
198	791
198	227
198	618
198	330
198	139
198	1297
198	32
198	84
198	102
198	134
198	541
198	2144
198	287
198	23
198	913
198	375
198	1231
198	1486
198	245
198	514
198	1268
198	49
198	2360
198	37
198	1511
198	1285
198	732
198	87
198	1813
198	335
198	198
198	1193
198	1889
198	418
198	7
198	2
198	33
198	1671
198	135
198	1133
198	260
198	350
198	1316
198	367
198	1812
198	224
198	674
198	360
198	1571
198	1423
198	68
198	306
198	1422
198	345
198	191
198	45
198	1190
198	300
198	703
198	101
198	409
198	282
198	727
198	316
198	1420
198	1693
198	8
198	79
198	1148
198	132
199	114
199	64
199	361
199	704
199	325
199	2228
199	24
199	1862
199	1808
199	276
199	1532
199	1421
199	436
199	300
199	167
199	295
199	1859
199	1314
199	572
199	2006
199	22
199	1646
199	408
199	327
199	231
200	300
201	12
201	962
201	429
201	994
201	1047
201	929
201	96
201	207
201	202
201	232
201	114
201	1767
201	330
201	139
201	32
201	853
201	1474
201	64
201	241
201	446
201	294
201	1074
201	2014
201	213
201	2111
201	109
201	287
201	692
201	1456
201	1696
201	1574
201	375
201	1043
201	1231
201	479
201	2185
201	1486
201	2320
201	1135
201	49
201	1002
201	43
201	2229
201	1332
201	732
201	1588
201	87
201	488
201	198
201	1635
201	1174
201	389
201	1350
201	704
201	1446
201	1889
201	325
201	228
201	1805
201	1988
201	223
201	609
201	2358
201	1729
201	33
201	331
201	1133
201	260
201	48
201	112
201	24
201	983
201	666
201	469
201	503
201	1917
201	76
201	435
201	2103
201	276
201	9
201	718
201	673
201	158
201	1946
201	1422
201	191
201	1649
201	717
201	1162
201	1612
201	45
201	1587
201	1265
201	436
201	300
201	167
201	383
201	101
201	1722
201	1968
201	2046
201	788
201	1804
201	2137
201	1282
201	1530
201	295
201	1222
201	746
201	386
201	485
201	1859
201	464
201	1420
201	1693
201	1314
201	187
201	1471
201	572
201	1431
201	1445
201	8
201	1143
201	369
201	79
201	2561
201	308
201	1802
201	2131
201	2005
201	1122
201	1180
201	1313
201	648
201	443
201	10
201	1915
201	197
201	1121
201	388
201	459
201	2262
201	323
201	795
201	1469
201	132
202	114
202	1174
202	228
202	1988
202	33
202	24
202	503
202	76
202	276
202	9
202	1612
202	436
202	300
202	167
202	101
202	788
202	2137
202	1222
202	485
202	1859
202	464
202	1693
202	1314
202	187
202	1471
202	8
202	1802
202	2005
202	1122
202	1313
202	648
202	443
202	10
202	197
202	1121
202	459
202	2262
203	115
203	1477
203	1386
203	163
203	12
203	1299
203	126
203	74
203	169
203	372
203	429
203	212
203	96
203	492
203	610
203	271
203	618
203	330
203	343
203	84
203	69
203	1110
203	320
203	23
203	49
203	37
203	401
203	43
203	192
203	1
203	82
203	418
203	33
203	878
203	700
203	666
203	140
203	68
203	276
203	306
203	9
203	2356
203	345
203	1807
203	789
203	419
203	436
203	300
203	101
203	1568
203	857
203	282
203	538
203	29
203	828
203	1472
203	8
203	308
203	765
203	670
203	1148
203	132
204	962
204	839
204	1231
204	33
204	260
204	829
204	1331
204	436
204	300
204	101
204	788
204	593
204	187
204	572
204	8
204	79
204	1122
204	761
205	1
205	300
205	454
205	8
205	308
206	300
207	300
208	271
208	330
208	32
208	446
208	69
208	49
208	444
208	198
208	1113
208	503
208	435
208	276
208	9
208	1422
208	191
208	851
208	1265
208	300
208	1837
208	1283
208	788
208	2137
208	746
208	485
208	51
208	1693
208	187
208	369
208	79
208	2131
208	1122
208	443
208	1915
208	1121
208	1858
209	207
209	492
209	5
209	618
209	23
209	37
209	2
209	224
209	56
209	300
209	1861
209	661
209	1693
209	8
209	1148
210	446
210	43
210	87
210	24
210	276
210	9
210	191
210	436
210	300
210	2137
210	746
210	485
210	1143
210	2005
210	443
210	323
211	300
212	12
212	96
212	37
212	1
212	33
212	276
212	436
212	300
212	454
212	101
212	727
212	572
212	8
212	6
212	1122
212	2311
213	564
213	1
213	18
213	106
213	502
213	300
213	1454
213	44
214	114
214	330
214	64
214	213
214	49
214	704
214	325
214	228
214	1988
214	33
214	469
214	76
214	276
214	1422
214	45
214	300
214	101
214	788
214	1222
214	746
214	1859
214	464
214	1420
214	572
214	1431
214	8
214	1802
214	1122
214	648
214	10
215	42
215	114
215	301
215	803
215	1421
215	300
215	574
215	295
216	114
216	69
216	488
216	704
216	325
216	2228
216	24
216	1862
216	276
216	1532
216	1239
216	436
216	300
216	295
216	1859
216	22
216	231
217	436
217	300
217	101
217	187
218	45
218	300
218	1805
218	187
218	8
218	1143
218	369
218	761
219	300
219	1122
220	1386
220	12
220	169
220	96
220	5
220	23
220	444
220	1
220	503
220	68
220	276
220	9
220	419
220	436
220	300
220	454
220	538
220	1507
220	1693
220	8
220	308
220	765
220	670
220	1148
221	42
221	114
221	803
221	300
221	1632
221	574
221	295
221	1859
222	300
223	300
224	42
224	114
224	213
224	301
224	300
224	1632
224	574
224	295
224	2136
224	1859
225	114
225	276
225	300
225	574
225	2561
225	281
226	300
227	42
227	114
227	301
227	803
227	1808
227	1532
227	1421
227	436
227	300
228	300
229	42
229	114
229	2319
229	24
229	803
229	276
229	436
229	300
229	327
230	300
231	472
231	191
231	976
231	45
231	300
231	410
231	101
231	485
231	187
231	1143
231	2313
231	1313
232	163
232	1299
232	126
232	96
232	330
232	1176
232	69
232	49
232	1615
232	749
232	1008
232	276
232	306
232	9
232	300
232	8
232	132
233	300
