alias	prefix_1	suffix_1	prefix_2	suffix_2
mxgs	h_068mxgs			
vsed	h_1060vsed			
zmar	h_237zmar			
real			172real	
ibw	504ibw	z		
mdb	61mdb			
bdsr	57bdsr			
mkmp	84mkmp			
hmjm	h_172hmjm			
gaso	h_906gaso			
hmgl	h_172hmgl			
rvg	13rvg			
rvh	13rvh			
ovg	13ovg			
wanz	3wanz			
bmw	3bmw			
aukg	23aukg			
xv	60xv			
pxv	60pxv			
umd	125umd		125ud	r
zooo	h_1515zooo			
mdbk	h_1496mdbk		61mdbk	
sdde	1sdde			
grch	1grch			
umso	84umso			
mxsps	h_068mxsps			
gm	h_113gm			
avop	1avop			
nhdta	1nhdta			
nass	h_067nass			
nact	h_237nact			
nacx	h_237nacx			
nacr	h_237nacr			
rct	1rct			
rctd	1rctd			
cadv	49cadv			
gvg	13gvg			
vgd	h_172vgd			
mild	84mild			
rebd	h_346rebd			
fch	h_1711fch			
star	1star			
stars	1stars			
start	1start			
xrw	172xrw			
hodv	41hodv0			
iene	1iene			
iesp	1iesp			
sdmu	1sdmu			
mcsr	57mcsr			
nash	h_067nash			
hbad	1hbad			
mist	1mist			
hzgb	h_1100hzgb			
dandy	1danuhd		1dandy	
fset	1fset			
ud	125ud	r		
mane	1mane			
svdvd	1svdvd			
smsd	171smsd			
mara	h_237mara			
svomn	1svomn			
tmaz	h_771tamz			
hzgd	h_1100hzgd			
hfd	24hfd			
tmhp	h_452tmhp			
ntr	1ntr			
tamm	h_771tamm			
tki	h_286tki			
dvdes	1dvdes			
wdi	2wdi			
hdka	h_237hdka			
san	h_796san			
bank	h_1495bank			
gogo	h_1133gogo			
gone	h_1133gone			
sprd	18sprd			
nikm	h_1323nikm			
mond	18mond			
macb	h_687macb			
sprbd	h_706sprbd			
doks	36doks			
docp	118docp			
miha	1miha			
dmow	36dmow			
pts	h_021pts			
vrtm	h_910vrtm			
sden	1sden			
ghor	h_173ghor			
wkd	2wkd			
ap	h_1231ap			
ekw	2ekw			
natr	h_067natr			
dohi	36dohi			
div	h_275div			
madm	49madm			
wssr	57wssr			
sis	12sis			
eiki	57eiki			
dfet	h_283dfet			
hyaz	29hyaz			
gxaz	29gxaz			
djsk	29djsk			
havd	1havd			
gyaz	29gyaz			
dmba	29dmba			
djsg	29djsg			
odvhj	48odvhj			
ikuna	1ikuna			
mdxlp	h_068mxdlp			
zex	h_720zex			
ktds	h_094ktds			
ekdv	49ekdv			
torg	h_771torg			
nitr	49nitr			
gnax	h_1345gnax			
ecb	2ecb			
btha	5433btha			
dvaj	53dvaj			
jksr	57jksr			
gas	71gas			
ongp	h_1092ongp			
hunt	1hunt			
abp	118abp		118abp	dod
wdc	118wdc			
acec	33acec			
aczd	h_019aczd			
aege	1aege			
ageom	ageom	ai	h_213ageom	
aida	h_491aida			
akbs	h_066akbs			
akdl	1akdl			
ambi	h_237ambi			
ambs	h_237ambs			
amrc	h_307amrc			
angr	h_1345angr			
aoz	h_308aoz	z	h_308aoz	
apnh	apnh	re01		
apol	h_838apol			
arm	11arm			
askd	h_1329askd			
ass	h_938ass			
asw	h_967asw			
atom	1atom			
aukb	23aukb			
averv	84averv			
avop	18avop			
avsp	33avsp			
avvr	h_1245avvr			
awpr	21awpr			
awt	awt	ai		
awtb	33awtb			
axbc	29axbc			
azsa	18azsa			
bazx	61bazx			
bbst	h_406bbst			
bdclb	2bdclb			
bdd	143bdd			
bjos	h_275bjos			
bkkg	h_1067bkkg			
bkynb	1bkynb			
bld	24bld			
bndv	58bndv			
bnri	h_254bnri			
bnsps	h_102bnsps			
boie	h_406boie			
boin	h_406boin			
boko	1boko			
boya	55boya			
bqbb	1bqbb			
btc	143btc			
bth	h_1435bth			
ckw	2ckw			
clo	h_1435clo			
cmd	24cmd			
cmv	51cmv			
cpde	118cpde			
crc	h_093crc			
crs	118crs			
csct	55csct			
cvd	24cvd			
cwm	2cwm			
cxaz	29cxaz			
cyam	29cyam			
cyaq	29cyaq			
dfdm	2dfdm			
dfgr	29dfgr			
dfrd	29dfrd			
dgre	2dgre			
dht	59dht			
dild	36dild			
diy	h_900diy			
dje	2dje			
djnj	29djnj			
djsh	29djsh			
djsi	29djsi			
djsr	29djsr			
dkdn	36dkdn			
dksb	36dksb			
dld	118dld	dod		
dlix	h_687dlix			
dmbj	29dmbj			
docp	h_1711docp			
dph	33dph			
dpha	33dpha			
dphc	33dphc			
dphn	33dphn			
drpt	1drpt			
drpts	1drpts			
dse	181dse			
dskm	36dskm			
dsmo	29dsmo			
dsvr	13dsvr			
dtsg	36dtsg			
dtt	118dtt			
dvdms	1dvdms			
dxdb	h_175dxdb			
dxgd	h_175dxgd			
dxmj	h_175dxmj			
dync	187dync			
ec	172ec			
edrg	h_1027edrg			
ehm	n_650ehm			
eih	h_254eih			
eikr	118eikr			
ekai	2ekai			
ekbe	2ekbe			
emot	h_237emot			
eq	h_100eq			
eroc	33eroc			
etqr	h_1186etqr			
euud	h_086euud			
favkh	h_1577favkh			
fcdc	h_114fcdc			
fch	118fch			
fcp	h_1711fcp			
fera	h_086fera			
flav	434flav			
fneo	h_491fneo			
fst	118fst			
gaid	h_491gaid			
gar	1gar			
gcpr	1gcpr			
gesu	49gesu			
gg	13gg			
ghap	h_1133ghap			
ghov	h_173ghov			
gigl	h_860gigl			
gki	h_286gki	dod		
gmbm	h_1133gmbm			
gmed	143gmed			
goju	h_1165goju			
good	h_1133good			
goul	h_086goul			
grace	h_1714grace			
grch	1grch0	3		
gvh	13gvh			
gwaz	29gwaz			
haj	36haj			
hanz	h_934hanz			
har	118har			
hcm	118hcm			
henk	18henk			
hex	h_443hex			
hez	59hez			
hgot	h_1414hgot			
high	h_1221high			
hitma	55hitma			
hmd	143hmd			
hmnf	h_172hmnf			
hmpd	41hmpd0			
hnamh	1hnamh			
hnb	h_254hnb			
hob	h_1435hob			
hodv	5642hodv			
hone	h_086hone			
htms	h_066htms			
httm	h_068httm			
hxad	29hxad			
hxaf	29hxaf			
hxak	29hxak			
hxaq	29hxaq			
hyas	84hyas			
hypn	1hypn			
ichk	h_1681ichk			
ienf	1ienf			
ifdve	1ifdve			
impc	h_307impc			
indi	1indi			
iqqq	h_086iqqq			
isy	h_157isy			
jamb	187jamb			
jamc	187jamc			
jamd	187jamd			
jame	187jame			
jj	13jj			
jnk	h_1711jnk			
jsn	118jsn			
jukf	h_227jukf			
jwaz	29jwaz			
jxaz	29jxaz			
kagh	422kagh			
kags	422kags			
keed	h_086keed			
kjk	5kjk			
kmds	h_1380kmds			
kmvr	84kmvr			
knmd	h_1352knmd			
kpd	24kpd			
ksdo	55ksdo			
ktra	h_094ktra	e		
kuf	1kuf	re		
kum	118kum			
kusr	57kusr			
ladya	1ladya			
ladyl	1ladyl			
lbj	1lbj			
lhjf	h_307lhjf			
lid	24lid			
lpt	118lpt	dod		
lxvs	118lxvs			
mada	h_647mada			
mama	49mama			
mas	143mas			
mast	h_259mast			
mazj	h_307mazj			
mbm	118mbm			
mbrba	5050mbrba			
mbrbn	5050mbrbn			
mct	118mct			
mds	61mds			
mdtm	61mdtm			
mdvhj	48mdvhj			
mdvij	48mdvij			
mesu	h_086mesu			
mhip	h_618mhip			
mktr	h_1232mktr			
mn	mn	ai	436mn	
mobbv	h_108mobbv			
mobsp	h_108mobsp			
moj	h_307moj			
mone	h_1133mone			
mot	h_796mot			
mrmm	60mrmm			
mst	h_771mst			
mtabs	1mtabs			
mtall	h_1608mtall			
much	h_796much			
mxdlp	h_068mxdlp			
nacs	h_771nacs			
nafi	h_771nafi			
nafz	h_771nafz			
nage	1nage			
namhs	1namhs			
nanp	h_1133nanp			
natr	h_067natr			
ncac	h_1275ncac			
ndr	118ndr	dod		
neo	433neo			
nfdm	h_188nfdm			
nitr	nitr		49nitr	re01
njg	118njg			
nld	24nld			
noskn	1noskn			
nprv	h_1774nprv			
nps	h_021nps			
nsbb	1nsbb			
nsm	h_1342nsm			
nsps	h_102nsps			
ntrd	18ntrd			
nttr	1nttr			
nuka	h_086nuka			
nxgs	h_1664nxgs			
nyh	1nyh			
obst	h_406obst			
odfb	h_537odfb			
odfm	h_537odfm			
odfp	h_537odfp			
odfr	h_537odfr			
oho	h_093oho			
okad	84okad			
okae	h_406okae			
okas	h_406okas			
okax	84okax			
okb	1okb			
okc	1okc			
okk	1okk			
okm	1okm			
okp	1okp			
oks	1oks			
omeg	118omeg			
omt	h_1359omt			
omtp	h_1359omtp			
onez	118onez			
ongp	18ongp			
onrj	33onrj			
paf	33paf			
paioh	1paioh			
ped	24ped			
pgod	5274pgod			
piyo	1piyo			
pjab	h_1604pjab			
pjam	h_1604pjam			
pmft	h_283pmft			
pmp	5pmp			
pms	5pms			
porn	49porn			
ppft	33ppft			
prby	h_706prby			
psd	21psd			
pssd	21pssd			
ptes	h_021ptes			
pyu	h_1462pyu			
pzd	24pzd			
qbd	24qbd			
qedq	29qedq			
qedr	29qedr			
qedz	29qedz			
qeea	29qeea			
rdd	118rdd			
rebdb	n_1412rebdb			
rhe	59rhe			
risk	h_711risk			
rix	118rix			
rjt	59rjt			
rman	18rman			
rsd	24rsd			
ruko	h_254ruko			
sace	1sace			
sbnr	h_102sbnr			
scd	17scd			
sdab	1sdab			
sddl	1sddl			
sdmm	1sdmm			
sdmt	1sdmt			
sdmua	1sdmua			
sdsi	1sdsi			
senj	h_307senj			
senn	1senn			
sero	h_422sero		td012sero	a
seven	1seven			
sgm	143sgm			
sgv	13sgv			
she	59rhe			
shmo	5561shmo			
silk	1silk			
silkc	1silkc			
sita	29sita			
sitb	29sitb			
slba	187slba			
slbb	187slbb			
sma	83sma			
sov	13sov			
spivr	h_1609spivr			
spsa	h_173spsa			
spsb	187spsb			
spse	187spse			
spz	h_254spz			
sqte	h_229sqte			
ss	13ss			
sshn	1sshn			
ssnd	h_205ssnd			
ssr	1ssr			
stko	1stko			
stm	h_286stm	dod		
sun	13sun			
sw	1sw			
tad	h_918tad			
tama	h_254tama			
tamo	h_771tamo			
tamz	h_771tamz			
tbl	h_1736tbl	ai		
tbtb	h_840tbtb			
tca	55tca			
tdt	118tdt	dod		
tem	118tem			
tigr	1tigr			
tks	118tks			
tldc	1tldc			
tmam	h_452tmam			
tmavr	55tmavr			
tmcy	h_452tmcy			
tmhk	49tmhk			
toen	h_086toen			
torx	h_771torx			
tre	118tre			
tsms	55tsms			
tsx	h_1072tsx			
upsm	h_150upsm			
val	12val			
vandr	1vandr			
vdd	24vdd			
vgq	13vgq			
vnds	h_254vnds			
vobb	1vobb			
voic	33voic			
vold	h_641vold			
votan	1votan			
vovs	h_1127vovs			
warc	2warc			
wawa	1wawa			
wfr	2wfr			
wif	h_308wif			
wife	18wife			
wil	118wil			
wnz	3wnz			
wnzs	3wnzs			
wo	1wo			
wsp	2wsp			
wss	2wss			
wwk	2wwk			
www	2www			
xkk	13xkk			
xmom	h_086xmom			
xnd	118xnd			
xv	60xv			
yal	h_127yal			
ybsd	24ybsd			
yekd	24yekd			
ylw	h_606ylw			
ypaa	h_086ypaa			
yrh	118yrh			
ysad	540ysad			
ysn	h_127ysn			
yst	540yst			
ytr	h_127ytr			
yvg	13yvg			
zeaa	h_086zeaa			
zesp	118zesp			
zex	h_021zex			
zizg	h_826zizg			
zkra	h_307zkra			
zrc	h_1736zrc			

